inventory_id,product_id,warehouse_id,stock_quantity,reorder_level,safety_stock,inventory_date
I0000001,P00001,W007,981,168,79,2026-09-01
I0000002,P00002,W007,644,97,67,2026-09-01
I0000003,P00003,W007,405,57,70,2026-09-01
I0000004,P00004,W008,606,159,119,2026-09-01
I0000005,P00005,W001,721,104,72,2026-09-01
I0000006,P00006,W005,770,230,36,2026-09-01
I0000007,P00007,W010,104,254,67,2026-09-01
I0000008,P00008,W006,333,100,137,2026-09-01
I0000009,P00009,W002,268,221,145,2026-09-01
I0000010,P00010,W009,989,213,100,2026-09-01
I0000011,P00011,W010,397,206,120,2026-09-01
I0000012,P00012,W010,116,139,110,2026-09-01
I0000013,P00013,W008,632,94,96,2026-09-01
I0000014,P00014,W010,604,71,54,2026-09-01
I0000015,P00015,W006,120,111,98,2026-09-01
I0000016,P00016,W002,187,145,56,2026-09-01
I0000017,P00017,W009,397,157,55,2026-09-01
I0000018,P00018,W010,392,158,67,2026-09-01
I0000019,P00019,W008,650,187,64,2026-09-01
I0000020,P00020,W009,170,175,93,2026-09-01
I0000021,P00021,W003,191,130,135,2026-09-01
I0000022,P00022,W010,54,271,111,2026-09-01
I0000023,P00023,W001,496,84,69,2026-09-01
I0000024,P00024,W007,986,193,149,2026-09-01
I0000025,P00025,W008,418,225,145,2026-09-01
I0000026,P00026,W007,727,265,133,2026-09-01
I0000027,P00027,W008,171,71,27,2026-09-01
I0000028,P00028,W004,299,58,90,2026-09-01
I0000029,P00029,W004,550,123,63,2026-09-01
I0000030,P00030,W008,579,240,146,2026-09-01
I0000031,P00031,W009,523,78,49,2026-09-01
I0000032,P00032,W005,793,189,113,2026-09-01
I0000033,P00033,W009,842,243,30,2026-09-01
I0000034,P00034,W008,559,105,128,2026-09-01
I0000035,P00035,W002,753,262,83,2026-09-01
I0000036,P00036,W005,895,58,135,2026-09-01
I0000037,P00037,W005,356,270,42,2026-09-01
I0000038,P00038,W008,886,80,80,2026-09-01
I0000039,P00039,W004,830,238,109,2026-09-01
I0000040,P00040,W010,647,159,62,2026-09-01
I0000041,P00041,W010,142,250,72,2026-09-01
I0000042,P00042,W004,824,65,109,2026-09-01
I0000043,P00043,W009,287,202,63,2026-09-01
I0000044,P00044,W006,720,124,94,2026-09-01
I0000045,P00045,W010,273,293,44,2026-09-01
I0000046,P00046,W003,985,242,125,2026-09-01
I0000047,P00047,W001,283,271,52,2026-09-01
I0000048,P00048,W003,255,87,102,2026-09-01
I0000049,P00049,W004,779,265,120,2026-09-01
I0000050,P00050,W008,145,197,88,2026-09-01
I0000051,P00051,W007,384,165,39,2026-09-01
I0000052,P00052,W002,412,181,91,2026-09-01
I0000053,P00053,W006,465,293,144,2026-09-01
I0000054,P00054,W006,595,50,43,2026-09-01
I0000055,P00055,W008,650,220,111,2026-09-01
I0000056,P00056,W002,814,186,121,2026-09-01
I0000057,P00057,W004,991,159,74,2026-09-01
I0000058,P00058,W008,274,132,92,2026-09-01
I0000059,P00059,W006,560,197,53,2026-09-01
I0000060,P00060,W010,872,174,107,2026-09-01
I0000061,P00061,W001,47,75,137,2026-09-01
I0000062,P00062,W001,127,287,60,2026-09-01
I0000063,P00063,W008,467,50,129,2026-09-01
I0000064,P00064,W004,705,282,53,2026-09-01
I0000065,P00065,W005,162,273,90,2026-09-01
I0000066,P00066,W002,670,142,84,2026-09-01
I0000067,P00067,W002,380,220,62,2026-09-01
I0000068,P00068,W001,405,210,98,2026-09-01
I0000069,P00069,W004,439,217,43,2026-09-01
I0000070,P00070,W002,1,104,142,2026-09-01
I0000071,P00071,W002,135,201,77,2026-09-01
I0000072,P00072,W009,696,163,22,2026-09-01
I0000073,P00073,W001,712,137,50,2026-09-01
I0000074,P00074,W007,710,83,142,2026-09-01
I0000075,P00075,W002,234,148,42,2026-09-01
I0000076,P00076,W002,105,130,114,2026-09-01
I0000077,P00077,W005,140,147,54,2026-09-01
I0000078,P00078,W003,70,185,22,2026-09-01
I0000079,P00079,W010,665,92,132,2026-09-01
I0000080,P00080,W006,739,104,58,2026-09-01
I0000081,P00081,W007,630,225,133,2026-09-01
I0000082,P00082,W004,88,279,45,2026-09-01
I0000083,P00083,W003,770,81,118,2026-09-01
I0000084,P00084,W006,986,159,100,2026-09-01
I0000085,P00085,W003,253,120,41,2026-09-01
I0000086,P00086,W004,566,203,92,2026-09-01
I0000087,P00087,W001,868,266,97,2026-09-01
I0000088,P00088,W004,530,205,150,2026-09-01
I0000089,P00089,W004,765,150,95,2026-09-01
I0000090,P00090,W001,802,279,81,2026-09-01
I0000091,P00091,W008,395,78,81,2026-09-01
I0000092,P00092,W008,653,202,38,2026-09-01
I0000093,P00093,W009,910,300,23,2026-09-01
I0000094,P00094,W006,956,131,53,2026-09-01
I0000095,P00095,W007,881,264,127,2026-09-01
I0000096,P00096,W006,559,224,64,2026-09-01
I0000097,P00097,W008,977,247,38,2026-09-01
I0000098,P00098,W001,601,67,23,2026-09-01
I0000099,P00099,W005,220,60,35,2026-09-01
I0000100,P00100,W007,518,123,148,2026-09-01
I0000101,P00101,W007,433,229,122,2026-09-01
I0000102,P00102,W002,655,187,59,2026-09-01
I0000103,P00103,W005,85,129,40,2026-09-01
I0000104,P00104,W009,943,102,59,2026-09-01
I0000105,P00105,W009,334,150,36,2026-09-01
I0000106,P00106,W005,715,161,81,2026-09-01
I0000107,P00107,W001,250,72,131,2026-09-01
I0000108,P00108,W002,464,206,34,2026-09-01
I0000109,P00109,W005,682,239,64,2026-09-01
I0000110,P00110,W002,12,231,55,2026-09-01
I0000111,P00111,W001,167,177,108,2026-09-01
I0000112,P00112,W009,529,250,86,2026-09-01
I0000113,P00113,W003,380,82,88,2026-09-01
I0000114,P00114,W002,789,280,27,2026-09-01
I0000115,P00115,W006,826,159,89,2026-09-01
I0000116,P00116,W009,65,117,39,2026-09-01
I0000117,P00117,W008,466,180,112,2026-09-01
I0000118,P00118,W001,511,269,62,2026-09-01
I0000119,P00119,W006,161,115,46,2026-09-01
I0000120,P00120,W010,690,235,49,2026-09-01
I0000121,P00121,W004,758,180,20,2026-09-01
I0000122,P00122,W001,879,270,23,2026-09-01
I0000123,P00123,W004,47,170,113,2026-09-01
I0000124,P00124,W007,942,88,65,2026-09-01
I0000125,P00125,W001,566,255,127,2026-09-01
I0000126,P00126,W004,329,113,126,2026-09-01
I0000127,P00127,W006,277,261,39,2026-09-01
I0000128,P00128,W010,381,80,148,2026-09-01
I0000129,P00129,W001,183,107,31,2026-09-01
I0000130,P00130,W007,70,274,139,2026-09-01
I0000131,P00131,W005,792,266,99,2026-09-01
I0000132,P00132,W006,88,191,136,2026-09-01
I0000133,P00133,W001,377,101,94,2026-09-01
I0000134,P00134,W010,803,127,82,2026-09-01
I0000135,P00135,W008,377,201,146,2026-09-01
I0000136,P00136,W004,750,280,82,2026-09-01
I0000137,P00137,W003,6,288,124,2026-09-01
I0000138,P00138,W001,238,188,108,2026-09-01
I0000139,P00139,W001,973,135,20,2026-09-01
I0000140,P00140,W007,869,238,98,2026-09-01
I0000141,P00141,W002,210,185,80,2026-09-01
I0000142,P00142,W007,503,296,35,2026-09-01
I0000143,P00143,W003,728,121,43,2026-09-01
I0000144,P00144,W001,943,109,125,2026-09-01
I0000145,P00145,W006,469,299,41,2026-09-01
I0000146,P00146,W010,97,179,54,2026-09-01
I0000147,P00147,W007,76,201,35,2026-09-01
I0000148,P00148,W007,678,296,53,2026-09-01
I0000149,P00149,W004,298,116,100,2026-09-01
I0000150,P00150,W007,717,262,103,2026-09-01
I0000151,P00151,W006,463,119,79,2026-09-01
I0000152,P00152,W002,966,101,54,2026-09-01
I0000153,P00153,W010,111,89,47,2026-09-01
I0000154,P00154,W003,460,169,100,2026-09-01
I0000155,P00155,W007,123,187,111,2026-09-01
I0000156,P00156,W004,462,128,138,2026-09-01
I0000157,P00157,W005,872,80,43,2026-09-01
I0000158,P00158,W003,826,225,97,2026-09-01
I0000159,P00159,W010,41,105,103,2026-09-01
I0000160,P00160,W003,93,232,83,2026-09-01
I0000161,P00161,W006,405,181,32,2026-09-01
I0000162,P00162,W005,266,259,64,2026-09-01
I0000163,P00163,W001,974,153,135,2026-09-01
I0000164,P00164,W009,766,190,83,2026-09-01
I0000165,P00165,W002,473,76,55,2026-09-01
I0000166,P00166,W002,12,65,76,2026-09-01
I0000167,P00167,W003,202,260,122,2026-09-01
I0000168,P00168,W006,702,211,41,2026-09-01
I0000169,P00169,W010,600,116,39,2026-09-01
I0000170,P00170,W001,66,100,133,2026-09-01
I0000171,P00171,W003,94,281,104,2026-09-01
I0000172,P00172,W002,43,291,138,2026-09-01
I0000173,P00173,W001,172,286,130,2026-09-01
I0000174,P00174,W007,508,57,117,2026-09-01
I0000175,P00175,W007,176,140,74,2026-09-01
I0000176,P00176,W003,281,121,134,2026-09-01
I0000177,P00177,W003,35,207,82,2026-09-01
I0000178,P00178,W005,510,155,142,2026-09-01
I0000179,P00179,W001,89,121,118,2026-09-01
I0000180,P00180,W003,429,101,83,2026-09-01
I0000181,P00181,W009,813,54,117,2026-09-01
I0000182,P00182,W006,491,189,144,2026-09-01
I0000183,P00183,W006,934,194,148,2026-09-01
I0000184,P00184,W006,397,119,66,2026-09-01
I0000185,P00185,W001,326,202,76,2026-09-01
I0000186,P00186,W001,917,257,91,2026-09-01
I0000187,P00187,W001,828,170,111,2026-09-01
I0000188,P00188,W010,238,299,60,2026-09-01
I0000189,P00189,W002,253,218,81,2026-09-01
I0000190,P00190,W005,546,258,34,2026-09-01
I0000191,P00191,W004,589,266,119,2026-09-01
I0000192,P00192,W006,957,264,64,2026-09-01
I0000193,P00193,W003,242,201,101,2026-09-01
I0000194,P00194,W006,935,201,27,2026-09-01
I0000195,P00195,W006,970,195,56,2026-09-01
I0000196,P00196,W010,971,98,146,2026-09-01
I0000197,P00197,W009,316,94,145,2026-09-01
I0000198,P00198,W001,92,64,79,2026-09-01
I0000199,P00199,W010,224,55,142,2026-09-01
I0000200,P00200,W001,339,284,71,2026-09-01
I0000201,P00201,W003,348,233,65,2026-09-01
I0000202,P00202,W006,60,55,57,2026-09-01
I0000203,P00203,W010,721,284,56,2026-09-01
I0000204,P00204,W002,866,184,113,2026-09-01
I0000205,P00205,W002,382,230,121,2026-09-01
I0000206,P00206,W010,103,136,97,2026-09-01
I0000207,P00207,W006,139,299,60,2026-09-01
I0000208,P00208,W007,810,213,144,2026-09-01
I0000209,P00209,W006,178,231,111,2026-09-01
I0000210,P00210,W004,681,200,64,2026-09-01
I0000211,P00211,W007,314,237,95,2026-09-01
I0000212,P00212,W003,181,236,20,2026-09-01
I0000213,P00213,W010,400,267,28,2026-09-01
I0000214,P00214,W003,616,131,76,2026-09-01
I0000215,P00215,W010,106,289,147,2026-09-01
I0000216,P00216,W003,339,240,39,2026-09-01
I0000217,P00217,W004,355,131,62,2026-09-01
I0000218,P00218,W002,841,231,105,2026-09-01
I0000219,P00219,W008,11,117,73,2026-09-01
I0000220,P00220,W004,709,67,109,2026-09-01
I0000221,P00221,W005,805,77,20,2026-09-01
I0000222,P00222,W001,395,162,127,2026-09-01
I0000223,P00223,W003,905,155,146,2026-09-01
I0000224,P00224,W007,359,189,116,2026-09-01
I0000225,P00225,W002,848,172,77,2026-09-01
I0000226,P00226,W003,462,68,28,2026-09-01
I0000227,P00227,W005,20,131,86,2026-09-01
I0000228,P00228,W002,75,137,63,2026-09-01
I0000229,P00229,W007,164,237,39,2026-09-01
I0000230,P00230,W009,964,279,43,2026-09-01
I0000231,P00231,W006,608,207,143,2026-09-01
I0000232,P00232,W001,441,291,62,2026-09-01
I0000233,P00233,W010,911,161,60,2026-09-01
I0000234,P00234,W001,103,134,72,2026-09-01
I0000235,P00235,W004,419,228,87,2026-09-01
I0000236,P00236,W005,304,110,44,2026-09-01
I0000237,P00237,W001,402,196,145,2026-09-01
I0000238,P00238,W003,55,142,20,2026-09-01
I0000239,P00239,W007,89,125,142,2026-09-01
I0000240,P00240,W004,99,56,72,2026-09-01
I0000241,P00241,W003,653,124,40,2026-09-01
I0000242,P00242,W008,864,79,98,2026-09-01
I0000243,P00243,W007,482,175,87,2026-09-01
I0000244,P00244,W002,657,189,119,2026-09-01
I0000245,P00245,W003,379,276,117,2026-09-01
I0000246,P00246,W006,191,164,31,2026-09-01
I0000247,P00247,W005,450,169,87,2026-09-01
I0000248,P00248,W004,857,118,35,2026-09-01
I0000249,P00249,W003,770,228,44,2026-09-01
I0000250,P00250,W002,684,138,125,2026-09-01
I0000251,P00251,W010,232,191,35,2026-09-01
I0000252,P00252,W007,838,183,127,2026-09-01
I0000253,P00253,W009,703,271,141,2026-09-01
I0000254,P00254,W010,902,110,141,2026-09-01
I0000255,P00255,W005,80,151,28,2026-09-01
I0000256,P00256,W009,584,280,57,2026-09-01
I0000257,P00257,W002,972,243,134,2026-09-01
I0000258,P00258,W003,971,92,74,2026-09-01
I0000259,P00259,W004,129,60,128,2026-09-01
I0000260,P00260,W002,699,161,71,2026-09-01
I0000261,P00261,W003,854,202,86,2026-09-01
I0000262,P00262,W006,932,236,37,2026-09-01
I0000263,P00263,W002,397,192,121,2026-09-01
I0000264,P00264,W009,333,269,90,2026-09-01
I0000265,P00265,W009,469,284,23,2026-09-01
I0000266,P00266,W010,601,183,127,2026-09-01
I0000267,P00267,W002,424,88,57,2026-09-01
I0000268,P00268,W010,602,199,45,2026-09-01
I0000269,P00269,W002,576,249,45,2026-09-01
I0000270,P00270,W005,888,187,108,2026-09-01
I0000271,P00271,W007,270,148,144,2026-09-01
I0000272,P00272,W010,623,171,29,2026-09-01
I0000273,P00273,W003,282,153,56,2026-09-01
I0000274,P00274,W010,623,224,122,2026-09-01
I0000275,P00275,W001,405,277,104,2026-09-01
I0000276,P00276,W004,50,240,141,2026-09-01
I0000277,P00277,W005,918,145,25,2026-09-01
I0000278,P00278,W006,837,253,97,2026-09-01
I0000279,P00279,W005,287,265,145,2026-09-01
I0000280,P00280,W002,995,272,78,2026-09-01
I0000281,P00281,W003,307,299,133,2026-09-01
I0000282,P00282,W006,275,236,126,2026-09-01
I0000283,P00283,W010,661,72,68,2026-09-01
I0000284,P00284,W008,216,283,124,2026-09-01
I0000285,P00285,W008,777,182,115,2026-09-01
I0000286,P00286,W001,527,252,60,2026-09-01
I0000287,P00287,W002,318,231,149,2026-09-01
I0000288,P00288,W007,138,249,27,2026-09-01
I0000289,P00289,W003,197,274,71,2026-09-01
I0000290,P00290,W001,255,58,136,2026-09-01
I0000291,P00291,W001,940,142,70,2026-09-01
I0000292,P00292,W005,377,260,138,2026-09-01
I0000293,P00293,W009,406,212,51,2026-09-01
I0000294,P00294,W001,247,145,145,2026-09-01
I0000295,P00295,W010,456,95,141,2026-09-01
I0000296,P00296,W010,564,139,108,2026-09-01
I0000297,P00297,W003,857,278,86,2026-09-01
I0000298,P00298,W002,291,57,118,2026-09-01
I0000299,P00299,W001,166,268,74,2026-09-01
I0000300,P00300,W004,662,107,72,2026-09-01
I0000301,P00301,W005,667,154,25,2026-09-01
I0000302,P00302,W001,485,283,53,2026-09-01
I0000303,P00303,W003,615,255,22,2026-09-01
I0000304,P00304,W004,258,205,98,2026-09-01
I0000305,P00305,W005,433,279,116,2026-09-01
I0000306,P00306,W006,470,114,75,2026-09-01
I0000307,P00307,W008,309,223,121,2026-09-01
I0000308,P00308,W010,104,51,150,2026-09-01
I0000309,P00309,W006,574,215,92,2026-09-01
I0000310,P00310,W005,700,77,143,2026-09-01
I0000311,P00311,W002,344,120,103,2026-09-01
I0000312,P00312,W005,267,217,96,2026-09-01
I0000313,P00313,W004,153,182,81,2026-09-01
I0000314,P00314,W001,824,269,123,2026-09-01
I0000315,P00315,W006,697,85,26,2026-09-01
I0000316,P00316,W008,302,116,127,2026-09-01
I0000317,P00317,W007,397,238,29,2026-09-01
I0000318,P00318,W010,725,196,68,2026-09-01
I0000319,P00319,W006,743,232,76,2026-09-01
I0000320,P00320,W009,653,250,141,2026-09-01
I0000321,P00321,W006,519,126,63,2026-09-01
I0000322,P00322,W009,185,125,44,2026-09-01
I0000323,P00323,W008,131,239,86,2026-09-01
I0000324,P00324,W009,781,283,66,2026-09-01
I0000325,P00325,W006,670,72,76,2026-09-01
I0000326,P00326,W006,228,240,98,2026-09-01
I0000327,P00327,W007,807,277,104,2026-09-01
I0000328,P00328,W006,266,199,95,2026-09-01
I0000329,P00329,W008,871,80,140,2026-09-01
I0000330,P00330,W001,887,212,38,2026-09-01
I0000331,P00331,W008,910,99,148,2026-09-01
I0000332,P00332,W002,888,224,117,2026-09-01
I0000333,P00333,W009,305,155,33,2026-09-01
I0000334,P00334,W003,140,101,107,2026-09-01
I0000335,P00335,W007,583,278,137,2026-09-01
I0000336,P00336,W003,323,270,66,2026-09-01
I0000337,P00337,W002,499,135,65,2026-09-01
I0000338,P00338,W006,649,64,21,2026-09-01
I0000339,P00339,W008,280,103,63,2026-09-01
I0000340,P00340,W010,782,90,145,2026-09-01
I0000341,P00341,W002,132,207,131,2026-09-01
I0000342,P00342,W007,413,159,142,2026-09-01
I0000343,P00343,W007,4,59,71,2026-09-01
I0000344,P00344,W006,972,53,102,2026-09-01
I0000345,P00345,W009,195,54,21,2026-09-01
I0000346,P00346,W004,231,227,108,2026-09-01
I0000347,P00347,W005,132,76,118,2026-09-01
I0000348,P00348,W009,602,128,62,2026-09-01
I0000349,P00349,W002,843,61,96,2026-09-01
I0000350,P00350,W005,466,236,106,2026-09-01
I0000351,P00351,W007,909,225,54,2026-09-01
I0000352,P00352,W006,923,175,111,2026-09-01
I0000353,P00353,W004,168,292,123,2026-09-01
I0000354,P00354,W001,233,107,53,2026-09-01
I0000355,P00355,W004,751,55,149,2026-09-01
I0000356,P00356,W003,126,143,29,2026-09-01
I0000357,P00357,W007,897,213,85,2026-09-01
I0000358,P00358,W009,638,62,32,2026-09-01
I0000359,P00359,W002,669,264,25,2026-09-01
I0000360,P00360,W001,706,79,126,2026-09-01
I0000361,P00361,W008,389,81,84,2026-09-01
I0000362,P00362,W008,718,89,72,2026-09-01
I0000363,P00363,W001,308,157,45,2026-09-01
I0000364,P00364,W009,276,209,55,2026-09-01
I0000365,P00365,W007,850,280,46,2026-09-01
I0000366,P00366,W009,736,208,50,2026-09-01
I0000367,P00367,W005,116,250,47,2026-09-01
I0000368,P00368,W008,203,205,71,2026-09-01
I0000369,P00369,W005,851,183,71,2026-09-01
I0000370,P00370,W006,720,154,95,2026-09-01
I0000371,P00371,W003,40,190,147,2026-09-01
I0000372,P00372,W004,704,288,143,2026-09-01
I0000373,P00373,W006,240,50,23,2026-09-01
I0000374,P00374,W002,928,78,146,2026-09-01
I0000375,P00375,W003,972,73,150,2026-09-01
I0000376,P00376,W002,740,235,45,2026-09-01
I0000377,P00377,W005,659,109,136,2026-09-01
I0000378,P00378,W005,270,168,32,2026-09-01
I0000379,P00379,W002,832,94,30,2026-09-01
I0000380,P00380,W005,368,255,100,2026-09-01
I0000381,P00381,W007,756,79,44,2026-09-01
I0000382,P00382,W001,9,268,55,2026-09-01
I0000383,P00383,W003,336,141,132,2026-09-01
I0000384,P00384,W010,274,274,43,2026-09-01
I0000385,P00385,W006,834,137,66,2026-09-01
I0000386,P00386,W002,410,152,136,2026-09-01
I0000387,P00387,W005,855,148,142,2026-09-01
I0000388,P00388,W007,664,276,62,2026-09-01
I0000389,P00389,W002,135,228,35,2026-09-01
I0000390,P00390,W003,106,156,143,2026-09-01
I0000391,P00391,W010,694,162,66,2026-09-01
I0000392,P00392,W010,388,249,111,2026-09-01
I0000393,P00393,W010,29,270,53,2026-09-01
I0000394,P00394,W008,942,174,48,2026-09-01
I0000395,P00395,W007,451,61,36,2026-09-01
I0000396,P00396,W005,670,130,23,2026-09-01
I0000397,P00397,W009,785,240,77,2026-09-01
I0000398,P00398,W006,531,183,44,2026-09-01
I0000399,P00399,W007,677,236,83,2026-09-01
I0000400,P00400,W008,354,219,118,2026-09-01
I0000401,P00401,W003,859,261,33,2026-09-01
I0000402,P00402,W001,658,289,60,2026-09-01
I0000403,P00403,W009,869,170,146,2026-09-01
I0000404,P00404,W003,76,242,145,2026-09-01
I0000405,P00405,W006,246,134,91,2026-09-01
I0000406,P00406,W001,519,107,116,2026-09-01
I0000407,P00407,W007,836,110,40,2026-09-01
I0000408,P00408,W008,454,255,134,2026-09-01
I0000409,P00409,W002,877,177,134,2026-09-01
I0000410,P00410,W006,121,177,24,2026-09-01
I0000411,P00411,W002,413,155,29,2026-09-01
I0000412,P00412,W009,562,50,43,2026-09-01
I0000413,P00413,W010,986,208,97,2026-09-01
I0000414,P00414,W009,575,102,136,2026-09-01
I0000415,P00415,W006,372,261,33,2026-09-01
I0000416,P00416,W004,864,166,104,2026-09-01
I0000417,P00417,W009,785,208,141,2026-09-01
I0000418,P00418,W006,733,165,49,2026-09-01
I0000419,P00419,W002,777,218,76,2026-09-01
I0000420,P00420,W001,349,140,94,2026-09-01
I0000421,P00421,W009,534,145,47,2026-09-01
I0000422,P00422,W001,918,92,146,2026-09-01
I0000423,P00423,W003,841,233,124,2026-09-01
I0000424,P00424,W002,260,206,70,2026-09-01
I0000425,P00425,W004,123,288,120,2026-09-01
I0000426,P00426,W004,468,261,68,2026-09-01
I0000427,P00427,W006,110,243,126,2026-09-01
I0000428,P00428,W001,948,212,51,2026-09-01
I0000429,P00429,W008,468,218,149,2026-09-01
I0000430,P00430,W003,986,177,21,2026-09-01
I0000431,P00431,W009,753,62,130,2026-09-01
I0000432,P00432,W010,494,286,150,2026-09-01
I0000433,P00433,W003,708,198,64,2026-09-01
I0000434,P00434,W003,106,149,102,2026-09-01
I0000435,P00435,W009,902,148,127,2026-09-01
I0000436,P00436,W010,937,227,83,2026-09-01
I0000437,P00437,W005,407,296,107,2026-09-01
I0000438,P00438,W005,463,256,54,2026-09-01
I0000439,P00439,W003,422,204,96,2026-09-01
I0000440,P00440,W009,881,130,75,2026-09-01
I0000441,P00441,W004,214,209,94,2026-09-01
I0000442,P00442,W006,943,222,53,2026-09-01
I0000443,P00443,W003,515,188,102,2026-09-01
I0000444,P00444,W002,779,140,142,2026-09-01
I0000445,P00445,W010,584,291,126,2026-09-01
I0000446,P00446,W009,292,274,128,2026-09-01
I0000447,P00447,W001,535,77,26,2026-09-01
I0000448,P00448,W007,148,63,34,2026-09-01
I0000449,P00449,W004,273,242,61,2026-09-01
I0000450,P00450,W005,699,114,57,2026-09-01
I0000451,P00451,W001,707,250,95,2026-09-01
I0000452,P00452,W004,771,188,28,2026-09-01
I0000453,P00453,W006,833,165,46,2026-09-01
I0000454,P00454,W010,888,222,77,2026-09-01
I0000455,P00455,W009,398,110,150,2026-09-01
I0000456,P00456,W005,709,220,32,2026-09-01
I0000457,P00457,W007,396,156,100,2026-09-01
I0000458,P00458,W009,55,53,84,2026-09-01
I0000459,P00459,W004,635,272,133,2026-09-01
I0000460,P00460,W004,933,212,114,2026-09-01
I0000461,P00461,W010,559,239,70,2026-09-01
I0000462,P00462,W004,301,164,65,2026-09-01
I0000463,P00463,W002,191,296,64,2026-09-01
I0000464,P00464,W009,122,146,30,2026-09-01
I0000465,P00465,W007,285,192,87,2026-09-01
I0000466,P00466,W003,164,199,85,2026-09-01
I0000467,P00467,W001,338,169,59,2026-09-01
I0000468,P00468,W001,157,287,102,2026-09-01
I0000469,P00469,W010,52,248,97,2026-09-01
I0000470,P00470,W008,808,196,111,2026-09-01
I0000471,P00471,W002,802,231,101,2026-09-01
I0000472,P00472,W009,225,294,67,2026-09-01
I0000473,P00473,W009,69,251,149,2026-09-01
I0000474,P00474,W003,425,189,123,2026-09-01
I0000475,P00475,W002,357,106,74,2026-09-01
I0000476,P00476,W006,339,142,95,2026-09-01
I0000477,P00477,W004,973,242,141,2026-09-01
I0000478,P00478,W009,843,242,22,2026-09-01
I0000479,P00479,W002,684,138,134,2026-09-01
I0000480,P00480,W004,926,214,82,2026-09-01
I0000481,P00481,W001,698,276,102,2026-09-01
I0000482,P00482,W007,937,253,49,2026-09-01
I0000483,P00483,W007,262,188,92,2026-09-01
I0000484,P00484,W001,933,182,115,2026-09-01
I0000485,P00485,W009,822,180,134,2026-09-01
I0000486,P00486,W008,44,125,69,2026-09-01
I0000487,P00487,W006,526,71,44,2026-09-01
I0000488,P00488,W003,994,294,21,2026-09-01
I0000489,P00489,W002,215,221,74,2026-09-01
I0000490,P00490,W007,855,76,72,2026-09-01
I0000491,P00491,W009,848,229,131,2026-09-01
I0000492,P00492,W002,764,225,59,2026-09-01
I0000493,P00493,W001,470,233,104,2026-09-01
I0000494,P00494,W001,89,68,33,2026-09-01
I0000495,P00495,W003,813,114,38,2026-09-01
I0000496,P00496,W010,841,108,86,2026-09-01
I0000497,P00497,W007,397,165,123,2026-09-01
I0000498,P00498,W007,323,54,119,2026-09-01
I0000499,P00499,W002,547,51,36,2026-09-01
I0000500,P00500,W010,46,229,38,2026-09-01
I0000501,P00501,W006,950,178,47,2026-09-01
I0000502,P00502,W005,805,225,97,2026-09-01
I0000503,P00503,W010,88,122,132,2026-09-01
I0000504,P00504,W007,404,260,27,2026-09-01
I0000505,P00505,W008,160,186,76,2026-09-01
I0000506,P00506,W003,764,150,95,2026-09-01
I0000507,P00507,W003,305,223,115,2026-09-01
I0000508,P00508,W001,566,273,56,2026-09-01
I0000509,P00509,W002,42,51,120,2026-09-01
I0000510,P00510,W009,560,292,41,2026-09-01
I0000511,P00511,W005,215,241,108,2026-09-01
I0000512,P00512,W004,422,281,56,2026-09-01
I0000513,P00513,W003,188,106,84,2026-09-01
I0000514,P00514,W004,117,96,33,2026-09-01
I0000515,P00515,W009,472,215,38,2026-09-01
I0000516,P00516,W005,687,67,84,2026-09-01
I0000517,P00517,W002,202,235,144,2026-09-01
I0000518,P00518,W006,365,82,80,2026-09-01
I0000519,P00519,W002,291,208,37,2026-09-01
I0000520,P00520,W004,325,174,135,2026-09-01
I0000521,P00521,W006,631,218,98,2026-09-01
I0000522,P00522,W010,156,194,113,2026-09-01
I0000523,P00523,W006,981,159,63,2026-09-01
I0000524,P00524,W001,320,113,76,2026-09-01
I0000525,P00525,W007,283,265,112,2026-09-01
I0000526,P00526,W003,695,237,104,2026-09-01
I0000527,P00527,W008,473,164,111,2026-09-01
I0000528,P00528,W005,498,191,47,2026-09-01
I0000529,P00529,W003,661,205,40,2026-09-01
I0000530,P00530,W005,879,261,55,2026-09-01
I0000531,P00531,W009,201,117,39,2026-09-01
I0000532,P00532,W002,913,54,149,2026-09-01
I0000533,P00533,W001,832,198,123,2026-09-01
I0000534,P00534,W010,217,282,29,2026-09-01
I0000535,P00535,W009,266,189,140,2026-09-01
I0000536,P00536,W003,374,150,77,2026-09-01
I0000537,P00537,W010,750,269,94,2026-09-01
I0000538,P00538,W003,475,178,150,2026-09-01
I0000539,P00539,W002,406,143,148,2026-09-01
I0000540,P00540,W001,678,111,62,2026-09-01
I0000541,P00541,W009,143,164,60,2026-09-01
I0000542,P00542,W003,579,292,57,2026-09-01
I0000543,P00543,W008,961,141,30,2026-09-01
I0000544,P00544,W004,779,174,79,2026-09-01
I0000545,P00545,W002,270,144,79,2026-09-01
I0000546,P00546,W001,684,102,112,2026-09-01
I0000547,P00547,W007,480,284,136,2026-09-01
I0000548,P00548,W001,40,216,102,2026-09-01
I0000549,P00549,W002,720,297,90,2026-09-01
I0000550,P00550,W005,592,189,64,2026-09-01
I0000551,P00551,W007,669,146,113,2026-09-01
I0000552,P00552,W010,669,279,39,2026-09-01
I0000553,P00553,W009,257,146,77,2026-09-01
I0000554,P00554,W009,415,140,108,2026-09-01
I0000555,P00555,W008,811,173,21,2026-09-01
I0000556,P00556,W009,903,85,132,2026-09-01
I0000557,P00557,W003,235,69,91,2026-09-01
I0000558,P00558,W004,153,97,60,2026-09-01
I0000559,P00559,W006,616,233,50,2026-09-01
I0000560,P00560,W004,424,257,104,2026-09-01
I0000561,P00561,W002,493,222,142,2026-09-01
I0000562,P00562,W008,215,201,61,2026-09-01
I0000563,P00563,W007,22,112,31,2026-09-01
I0000564,P00564,W003,587,201,61,2026-09-01
I0000565,P00565,W003,644,181,30,2026-09-01
I0000566,P00566,W010,150,64,62,2026-09-01
I0000567,P00567,W005,944,96,123,2026-09-01
I0000568,P00568,W010,992,194,24,2026-09-01
I0000569,P00569,W005,969,71,75,2026-09-01
I0000570,P00570,W008,621,170,143,2026-09-01
I0000571,P00571,W003,224,262,125,2026-09-01
I0000572,P00572,W010,146,253,66,2026-09-01
I0000573,P00573,W010,675,180,87,2026-09-01
I0000574,P00574,W003,741,225,107,2026-09-01
I0000575,P00575,W008,610,201,37,2026-09-01
I0000576,P00576,W004,387,148,53,2026-09-01
I0000577,P00577,W002,16,101,149,2026-09-01
I0000578,P00578,W007,846,88,44,2026-09-01
I0000579,P00579,W003,487,280,29,2026-09-01
I0000580,P00580,W009,515,242,50,2026-09-01
I0000581,P00581,W002,493,218,53,2026-09-01
I0000582,P00582,W010,552,261,20,2026-09-01
I0000583,P00583,W007,534,157,114,2026-09-01
I0000584,P00584,W001,714,185,129,2026-09-01
I0000585,P00585,W004,960,255,143,2026-09-01
I0000586,P00586,W007,358,200,45,2026-09-01
I0000587,P00587,W007,137,115,142,2026-09-01
I0000588,P00588,W004,931,269,41,2026-09-01
I0000589,P00589,W005,612,274,124,2026-09-01
I0000590,P00590,W005,193,51,21,2026-09-01
I0000591,P00591,W010,535,80,21,2026-09-01
I0000592,P00592,W007,670,102,100,2026-09-01
I0000593,P00593,W007,370,77,59,2026-09-01
I0000594,P00594,W007,667,199,84,2026-09-01
I0000595,P00595,W005,875,187,128,2026-09-01
I0000596,P00596,W010,374,206,90,2026-09-01
I0000597,P00597,W007,773,102,125,2026-09-01
I0000598,P00598,W009,802,192,143,2026-09-01
I0000599,P00599,W003,379,193,143,2026-09-01
I0000600,P00600,W005,314,197,108,2026-09-01
I0000601,P00601,W007,753,85,50,2026-09-01
I0000602,P00602,W004,457,250,61,2026-09-01
I0000603,P00603,W002,219,180,122,2026-09-01
I0000604,P00604,W006,820,190,33,2026-09-01
I0000605,P00605,W003,398,296,21,2026-09-01
I0000606,P00606,W002,843,87,140,2026-09-01
I0000607,P00607,W010,445,72,36,2026-09-01
I0000608,P00608,W005,227,144,40,2026-09-01
I0000609,P00609,W010,38,235,118,2026-09-01
I0000610,P00610,W007,628,217,93,2026-09-01
I0000611,P00611,W010,58,292,64,2026-09-01
I0000612,P00612,W008,449,52,71,2026-09-01
I0000613,P00613,W009,292,99,28,2026-09-01
I0000614,P00614,W010,522,182,79,2026-09-01
I0000615,P00615,W010,173,222,29,2026-09-01
I0000616,P00616,W006,244,217,20,2026-09-01
I0000617,P00617,W003,88,120,122,2026-09-01
I0000618,P00618,W006,685,151,123,2026-09-01
I0000619,P00619,W010,205,182,23,2026-09-01
I0000620,P00620,W002,941,73,92,2026-09-01
I0000621,P00621,W009,936,199,109,2026-09-01
I0000622,P00622,W006,986,258,90,2026-09-01
I0000623,P00623,W004,620,296,69,2026-09-01
I0000624,P00624,W008,952,153,21,2026-09-01
I0000625,P00625,W005,179,154,149,2026-09-01
I0000626,P00626,W002,572,68,148,2026-09-01
I0000627,P00627,W005,348,292,49,2026-09-01
I0000628,P00628,W009,979,115,84,2026-09-01
I0000629,P00629,W008,989,146,143,2026-09-01
I0000630,P00630,W004,775,136,137,2026-09-01
I0000631,P00631,W008,918,200,27,2026-09-01
I0000632,P00632,W008,119,116,37,2026-09-01
I0000633,P00633,W007,648,251,76,2026-09-01
I0000634,P00634,W004,819,130,125,2026-09-01
I0000635,P00635,W006,528,187,22,2026-09-01
I0000636,P00636,W005,254,123,43,2026-09-01
I0000637,P00637,W007,689,241,107,2026-09-01
I0000638,P00638,W002,567,288,65,2026-09-01
I0000639,P00639,W008,321,140,75,2026-09-01
I0000640,P00640,W010,275,96,68,2026-09-01
I0000641,P00641,W008,754,101,80,2026-09-01
I0000642,P00642,W004,893,117,72,2026-09-01
I0000643,P00643,W004,207,263,83,2026-09-01
I0000644,P00644,W010,364,89,47,2026-09-01
I0000645,P00645,W002,942,70,146,2026-09-01
I0000646,P00646,W010,6,245,30,2026-09-01
I0000647,P00647,W008,380,208,100,2026-09-01
I0000648,P00648,W008,919,275,90,2026-09-01
I0000649,P00649,W008,187,245,150,2026-09-01
I0000650,P00650,W005,407,106,52,2026-09-01
I0000651,P00651,W001,538,254,128,2026-09-01
I0000652,P00652,W008,962,188,28,2026-09-01
I0000653,P00653,W009,355,150,64,2026-09-01
I0000654,P00654,W008,999,80,137,2026-09-01
I0000655,P00655,W006,705,52,23,2026-09-01
I0000656,P00656,W004,388,198,45,2026-09-01
I0000657,P00657,W006,370,206,86,2026-09-01
I0000658,P00658,W003,561,117,80,2026-09-01
I0000659,P00659,W005,482,295,107,2026-09-01
I0000660,P00660,W006,188,177,128,2026-09-01
I0000661,P00661,W004,429,229,115,2026-09-01
I0000662,P00662,W006,874,152,91,2026-09-01
I0000663,P00663,W008,184,196,53,2026-09-01
I0000664,P00664,W010,702,108,45,2026-09-01
I0000665,P00665,W005,823,110,130,2026-09-01
I0000666,P00666,W007,200,87,58,2026-09-01
I0000667,P00667,W008,825,52,65,2026-09-01
I0000668,P00668,W007,511,84,100,2026-09-01
I0000669,P00669,W008,307,114,32,2026-09-01
I0000670,P00670,W007,101,226,61,2026-09-01
I0000671,P00671,W001,220,258,85,2026-09-01
I0000672,P00672,W008,859,211,44,2026-09-01
I0000673,P00673,W008,762,135,86,2026-09-01
I0000674,P00674,W006,368,193,85,2026-09-01
I0000675,P00675,W006,20,155,51,2026-09-01
I0000676,P00676,W006,888,223,70,2026-09-01
I0000677,P00677,W010,589,216,64,2026-09-01
I0000678,P00678,W005,363,133,150,2026-09-01
I0000679,P00679,W008,793,238,134,2026-09-01
I0000680,P00680,W002,390,207,93,2026-09-01
I0000681,P00681,W008,646,294,57,2026-09-01
I0000682,P00682,W003,655,256,106,2026-09-01
I0000683,P00683,W007,646,206,123,2026-09-01
I0000684,P00684,W002,81,91,107,2026-09-01
I0000685,P00685,W004,321,131,94,2026-09-01
I0000686,P00686,W005,619,215,121,2026-09-01
I0000687,P00687,W005,908,163,112,2026-09-01
I0000688,P00688,W010,533,297,135,2026-09-01
I0000689,P00689,W007,171,97,25,2026-09-01
I0000690,P00690,W003,745,110,84,2026-09-01
I0000691,P00691,W002,215,92,121,2026-09-01
I0000692,P00692,W002,97,66,141,2026-09-01
I0000693,P00693,W009,55,56,121,2026-09-01
I0000694,P00694,W009,783,71,46,2026-09-01
I0000695,P00695,W005,632,89,41,2026-09-01
I0000696,P00696,W007,316,108,83,2026-09-01
I0000697,P00697,W005,453,210,52,2026-09-01
I0000698,P00698,W003,539,264,63,2026-09-01
I0000699,P00699,W001,35,219,111,2026-09-01
I0000700,P00700,W006,884,171,139,2026-09-01
I0000701,P00701,W009,957,119,133,2026-09-01
I0000702,P00702,W003,992,292,65,2026-09-01
I0000703,P00703,W010,611,166,131,2026-09-01
I0000704,P00704,W009,655,213,99,2026-09-01
I0000705,P00705,W006,493,188,78,2026-09-01
I0000706,P00706,W002,452,128,113,2026-09-01
I0000707,P00707,W007,266,89,97,2026-09-01
I0000708,P00708,W001,0,183,54,2026-09-01
I0000709,P00709,W006,293,170,22,2026-09-01
I0000710,P00710,W008,969,243,142,2026-09-01
I0000711,P00711,W005,9,246,130,2026-09-01
I0000712,P00712,W005,611,109,21,2026-09-01
I0000713,P00713,W009,382,98,125,2026-09-01
I0000714,P00714,W009,447,151,83,2026-09-01
I0000715,P00715,W003,732,238,119,2026-09-01
I0000716,P00716,W007,225,117,40,2026-09-01
I0000717,P00717,W007,640,111,89,2026-09-01
I0000718,P00718,W005,664,240,88,2026-09-01
I0000719,P00719,W007,192,268,37,2026-09-01
I0000720,P00720,W003,139,124,48,2026-09-01
I0000721,P00721,W008,632,165,89,2026-09-01
I0000722,P00722,W010,503,98,102,2026-09-01
I0000723,P00723,W001,155,62,25,2026-09-01
I0000724,P00724,W003,995,76,92,2026-09-01
I0000725,P00725,W005,128,233,132,2026-09-01
I0000726,P00726,W001,238,73,58,2026-09-01
I0000727,P00727,W001,505,105,107,2026-09-01
I0000728,P00728,W007,319,251,147,2026-09-01
I0000729,P00729,W006,474,228,28,2026-09-01
I0000730,P00730,W006,82,265,57,2026-09-01
I0000731,P00731,W001,272,248,120,2026-09-01
I0000732,P00732,W002,556,170,66,2026-09-01
I0000733,P00733,W004,917,265,84,2026-09-01
I0000734,P00734,W007,848,53,51,2026-09-01
I0000735,P00735,W004,394,247,133,2026-09-01
I0000736,P00736,W004,755,58,70,2026-09-01
I0000737,P00737,W008,752,247,44,2026-09-01
I0000738,P00738,W009,681,103,141,2026-09-01
I0000739,P00739,W007,697,296,99,2026-09-01
I0000740,P00740,W006,162,211,30,2026-09-01
I0000741,P00741,W009,533,81,84,2026-09-01
I0000742,P00742,W008,653,126,70,2026-09-01
I0000743,P00743,W006,908,63,75,2026-09-01
I0000744,P00744,W002,241,212,131,2026-09-01
I0000745,P00745,W006,15,92,90,2026-09-01
I0000746,P00746,W010,122,151,82,2026-09-01
I0000747,P00747,W001,992,60,141,2026-09-01
I0000748,P00748,W010,158,145,42,2026-09-01
I0000749,P00749,W004,161,177,43,2026-09-01
I0000750,P00750,W010,346,288,35,2026-09-01
I0000751,P00751,W001,364,215,59,2026-09-01
I0000752,P00752,W009,810,77,52,2026-09-01
I0000753,P00753,W008,238,131,108,2026-09-01
I0000754,P00754,W008,750,99,25,2026-09-01
I0000755,P00755,W007,366,235,54,2026-09-01
I0000756,P00756,W005,920,60,144,2026-09-01
I0000757,P00757,W008,572,125,145,2026-09-01
I0000758,P00758,W004,580,97,109,2026-09-01
I0000759,P00759,W006,749,169,90,2026-09-01
I0000760,P00760,W010,936,270,61,2026-09-01
I0000761,P00761,W002,543,89,135,2026-09-01
I0000762,P00762,W005,839,117,113,2026-09-01
I0000763,P00763,W008,0,248,149,2026-09-01
I0000764,P00764,W007,751,97,24,2026-09-01
I0000765,P00765,W010,877,143,81,2026-09-01
I0000766,P00766,W006,738,66,119,2026-09-01
I0000767,P00767,W004,536,224,147,2026-09-01
I0000768,P00768,W009,157,206,92,2026-09-01
I0000769,P00769,W006,419,214,102,2026-09-01
I0000770,P00770,W002,98,183,37,2026-09-01
I0000771,P00771,W001,855,290,53,2026-09-01
I0000772,P00772,W003,894,58,71,2026-09-01
I0000773,P00773,W002,497,99,45,2026-09-01
I0000774,P00774,W001,584,214,119,2026-09-01
I0000775,P00775,W008,538,209,85,2026-09-01
I0000776,P00776,W001,375,106,38,2026-09-01
I0000777,P00777,W001,952,285,73,2026-09-01
I0000778,P00778,W008,950,277,40,2026-09-01
I0000779,P00779,W008,820,213,35,2026-09-01
I0000780,P00780,W006,571,240,126,2026-09-01
I0000781,P00781,W006,813,231,34,2026-09-01
I0000782,P00782,W010,272,185,30,2026-09-01
I0000783,P00783,W002,854,127,39,2026-09-01
I0000784,P00784,W004,983,182,44,2026-09-01
I0000785,P00785,W002,742,109,118,2026-09-01
I0000786,P00786,W004,197,184,83,2026-09-01
I0000787,P00787,W010,640,292,65,2026-09-01
I0000788,P00788,W009,767,192,126,2026-09-01
I0000789,P00789,W002,784,213,111,2026-09-01
I0000790,P00790,W008,719,220,129,2026-09-01
I0000791,P00791,W002,170,252,66,2026-09-01
I0000792,P00792,W009,411,179,106,2026-09-01
I0000793,P00793,W003,546,203,133,2026-09-01
I0000794,P00794,W006,924,130,103,2026-09-01
I0000795,P00795,W006,422,245,130,2026-09-01
I0000796,P00796,W006,623,111,74,2026-09-01
I0000797,P00797,W007,784,190,85,2026-09-01
I0000798,P00798,W006,984,165,134,2026-09-01
I0000799,P00799,W007,0,235,28,2026-09-01
I0000800,P00800,W005,610,54,54,2026-09-01
I0000801,P00801,W005,6,126,76,2026-09-01
I0000802,P00802,W004,876,130,25,2026-09-01
I0000803,P00803,W005,941,191,150,2026-09-01
I0000804,P00804,W009,584,287,59,2026-09-01
I0000805,P00805,W002,38,167,111,2026-09-01
I0000806,P00806,W003,141,117,113,2026-09-01
I0000807,P00807,W010,255,109,85,2026-09-01
I0000808,P00808,W005,94,196,122,2026-09-01
I0000809,P00809,W010,939,105,39,2026-09-01
I0000810,P00810,W006,811,173,64,2026-09-01
I0000811,P00811,W008,845,280,44,2026-09-01
I0000812,P00812,W010,657,126,29,2026-09-01
I0000813,P00813,W010,390,70,34,2026-09-01
I0000814,P00814,W006,356,275,131,2026-09-01
I0000815,P00815,W007,952,272,50,2026-09-01
I0000816,P00816,W004,765,217,22,2026-09-01
I0000817,P00817,W007,55,128,30,2026-09-01
I0000818,P00818,W006,552,194,58,2026-09-01
I0000819,P00819,W006,514,228,76,2026-09-01
I0000820,P00820,W003,51,222,120,2026-09-01
I0000821,P00821,W008,770,202,149,2026-09-01
I0000822,P00822,W002,227,160,94,2026-09-01
I0000823,P00823,W007,151,83,106,2026-09-01
I0000824,P00824,W002,487,196,32,2026-09-01
I0000825,P00825,W009,408,117,41,2026-09-01
I0000826,P00826,W007,513,161,53,2026-09-01
I0000827,P00827,W003,492,193,70,2026-09-01
I0000828,P00828,W008,404,216,70,2026-09-01
I0000829,P00829,W009,630,238,83,2026-09-01
I0000830,P00830,W004,73,118,130,2026-09-01
I0000831,P00831,W006,701,286,42,2026-09-01
I0000832,P00832,W002,687,155,128,2026-09-01
I0000833,P00833,W006,356,98,102,2026-09-01
I0000834,P00834,W006,608,217,26,2026-09-01
I0000835,P00835,W005,173,139,133,2026-09-01
I0000836,P00836,W010,149,162,31,2026-09-01
I0000837,P00837,W004,204,225,115,2026-09-01
I0000838,P00838,W003,775,236,41,2026-09-01
I0000839,P00839,W002,757,63,82,2026-09-01
I0000840,P00840,W010,948,87,93,2026-09-01
I0000841,P00841,W001,351,227,48,2026-09-01
I0000842,P00842,W005,460,170,25,2026-09-01
I0000843,P00843,W006,214,239,74,2026-09-01
I0000844,P00844,W004,559,183,86,2026-09-01
I0000845,P00845,W009,494,209,56,2026-09-01
I0000846,P00846,W001,385,199,31,2026-09-01
I0000847,P00847,W005,174,65,92,2026-09-01
I0000848,P00848,W004,808,228,89,2026-09-01
I0000849,P00849,W001,476,217,22,2026-09-01
I0000850,P00850,W002,397,219,89,2026-09-01
I0000851,P00851,W006,885,77,24,2026-09-01
I0000852,P00852,W005,888,276,118,2026-09-01
I0000853,P00853,W004,389,180,45,2026-09-01
I0000854,P00854,W006,496,271,42,2026-09-01
I0000855,P00855,W003,203,178,137,2026-09-01
I0000856,P00856,W009,948,232,25,2026-09-01
I0000857,P00857,W001,253,286,98,2026-09-01
I0000858,P00858,W006,501,150,60,2026-09-01
I0000859,P00859,W001,355,225,110,2026-09-01
I0000860,P00860,W006,640,127,80,2026-09-01
I0000861,P00861,W009,282,257,35,2026-09-01
I0000862,P00862,W005,899,149,27,2026-09-01
I0000863,P00863,W009,971,121,77,2026-09-01
I0000864,P00864,W003,349,279,120,2026-09-01
I0000865,P00865,W003,89,236,117,2026-09-01
I0000866,P00866,W009,983,223,78,2026-09-01
I0000867,P00867,W007,246,196,59,2026-09-01
I0000868,P00868,W007,993,129,104,2026-09-01
I0000869,P00869,W008,555,83,72,2026-09-01
I0000870,P00870,W003,594,188,71,2026-09-01
I0000871,P00871,W003,316,226,54,2026-09-01
I0000872,P00872,W007,930,299,57,2026-09-01
I0000873,P00873,W010,939,90,101,2026-09-01
I0000874,P00874,W002,570,186,50,2026-09-01
I0000875,P00875,W003,325,264,57,2026-09-01
I0000876,P00876,W001,783,131,125,2026-09-01
I0000877,P00877,W007,310,163,90,2026-09-01
I0000878,P00878,W003,797,98,47,2026-09-01
I0000879,P00879,W003,189,56,88,2026-09-01
I0000880,P00880,W010,580,206,79,2026-09-01
I0000881,P00881,W010,237,109,26,2026-09-01
I0000882,P00882,W006,81,226,142,2026-09-01
I0000883,P00883,W003,514,266,140,2026-09-01
I0000884,P00884,W006,188,268,119,2026-09-01
I0000885,P00885,W008,485,85,61,2026-09-01
I0000886,P00886,W004,231,58,124,2026-09-01
I0000887,P00887,W001,947,119,125,2026-09-01
I0000888,P00888,W004,760,221,71,2026-09-01
I0000889,P00889,W004,67,95,132,2026-09-01
I0000890,P00890,W010,501,226,103,2026-09-01
I0000891,P00891,W008,908,113,129,2026-09-01
I0000892,P00892,W007,794,60,117,2026-09-01
I0000893,P00893,W006,403,206,29,2026-09-01
I0000894,P00894,W009,111,165,136,2026-09-01
I0000895,P00895,W001,898,112,121,2026-09-01
I0000896,P00896,W001,571,149,32,2026-09-01
I0000897,P00897,W004,298,162,121,2026-09-01
I0000898,P00898,W005,792,261,93,2026-09-01
I0000899,P00899,W008,170,158,95,2026-09-01
I0000900,P00900,W010,941,63,56,2026-09-01
I0000901,P00901,W008,849,215,135,2026-09-01
I0000902,P00902,W002,739,178,48,2026-09-01
I0000903,P00903,W003,797,199,54,2026-09-01
I0000904,P00904,W007,423,132,135,2026-09-01
I0000905,P00905,W001,183,166,71,2026-09-01
I0000906,P00906,W008,92,114,102,2026-09-01
I0000907,P00907,W003,735,237,51,2026-09-01
I0000908,P00908,W002,116,230,135,2026-09-01
I0000909,P00909,W006,87,184,118,2026-09-01
I0000910,P00910,W009,626,293,60,2026-09-01
I0000911,P00911,W007,563,147,31,2026-09-01
I0000912,P00912,W003,934,135,58,2026-09-01
I0000913,P00913,W003,889,87,65,2026-09-01
I0000914,P00914,W001,429,128,99,2026-09-01
I0000915,P00915,W008,295,210,66,2026-09-01
I0000916,P00916,W002,920,83,71,2026-09-01
I0000917,P00917,W001,637,245,84,2026-09-01
I0000918,P00918,W001,469,177,147,2026-09-01
I0000919,P00919,W009,826,51,146,2026-09-01
I0000920,P00920,W004,222,200,141,2026-09-01
I0000921,P00921,W008,419,163,40,2026-09-01
I0000922,P00922,W010,614,51,82,2026-09-01
I0000923,P00923,W009,284,208,73,2026-09-01
I0000924,P00924,W001,189,87,34,2026-09-01
I0000925,P00925,W006,37,87,28,2026-09-01
I0000926,P00926,W010,858,204,96,2026-09-01
I0000927,P00927,W006,942,72,32,2026-09-01
I0000928,P00928,W002,426,95,61,2026-09-01
I0000929,P00929,W005,625,219,65,2026-09-01
I0000930,P00930,W008,767,198,112,2026-09-01
I0000931,P00931,W001,95,246,96,2026-09-01
I0000932,P00932,W006,377,279,117,2026-09-01
I0000933,P00933,W002,776,159,36,2026-09-01
I0000934,P00934,W005,482,84,51,2026-09-01
I0000935,P00935,W005,337,184,125,2026-09-01
I0000936,P00936,W009,214,228,73,2026-09-01
I0000937,P00937,W010,59,77,42,2026-09-01
I0000938,P00938,W008,741,226,93,2026-09-01
I0000939,P00939,W007,623,267,101,2026-09-01
I0000940,P00940,W005,538,197,110,2026-09-01
I0000941,P00941,W003,629,194,147,2026-09-01
I0000942,P00942,W009,746,211,147,2026-09-01
I0000943,P00943,W008,827,96,79,2026-09-01
I0000944,P00944,W005,198,50,50,2026-09-01
I0000945,P00945,W001,476,210,50,2026-09-01
I0000946,P00946,W004,818,207,126,2026-09-01
I0000947,P00947,W007,46,135,109,2026-09-01
I0000948,P00948,W009,825,213,74,2026-09-01
I0000949,P00949,W001,655,101,92,2026-09-01
I0000950,P00950,W005,809,67,98,2026-09-01
I0000951,P00951,W005,518,190,102,2026-09-01
I0000952,P00952,W001,116,225,105,2026-09-01
I0000953,P00953,W006,405,235,27,2026-09-01
I0000954,P00954,W003,198,134,106,2026-09-01
I0000955,P00955,W008,938,171,29,2026-09-01
I0000956,P00956,W003,493,89,137,2026-09-01
I0000957,P00957,W009,917,135,138,2026-09-01
I0000958,P00958,W007,950,240,34,2026-09-01
I0000959,P00959,W009,306,194,100,2026-09-01
I0000960,P00960,W009,548,54,73,2026-09-01
I0000961,P00961,W010,701,134,110,2026-09-01
I0000962,P00962,W002,992,88,91,2026-09-01
I0000963,P00963,W001,347,146,62,2026-09-01
I0000964,P00964,W010,620,149,67,2026-09-01
I0000965,P00965,W010,119,271,98,2026-09-01
I0000966,P00966,W006,726,58,89,2026-09-01
I0000967,P00967,W007,88,177,80,2026-09-01
I0000968,P00968,W006,462,262,97,2026-09-01
I0000969,P00969,W004,537,127,64,2026-09-01
I0000970,P00970,W002,383,250,29,2026-09-01
I0000971,P00971,W004,935,73,133,2026-09-01
I0000972,P00972,W009,25,254,143,2026-09-01
I0000973,P00973,W009,157,98,107,2026-09-01
I0000974,P00974,W008,750,273,99,2026-09-01
I0000975,P00975,W006,146,246,45,2026-09-01
I0000976,P00976,W009,692,83,72,2026-09-01
I0000977,P00977,W001,470,149,49,2026-09-01
I0000978,P00978,W001,318,288,31,2026-09-01
I0000979,P00979,W010,892,72,105,2026-09-01
I0000980,P00980,W008,910,61,46,2026-09-01
I0000981,P00981,W009,784,218,99,2026-09-01
I0000982,P00982,W001,591,244,99,2026-09-01
I0000983,P00983,W004,328,101,69,2026-09-01
I0000984,P00984,W005,283,186,101,2026-09-01
I0000985,P00985,W008,687,80,89,2026-09-01
I0000986,P00986,W003,161,120,49,2026-09-01
I0000987,P00987,W001,981,209,46,2026-09-01
I0000988,P00988,W004,555,139,101,2026-09-01
I0000989,P00989,W005,144,291,92,2026-09-01
I0000990,P00990,W010,250,93,38,2026-09-01
I0000991,P00991,W005,627,278,106,2026-09-01
I0000992,P00992,W009,454,62,53,2026-09-01
I0000993,P00993,W001,482,281,32,2026-09-01
I0000994,P00994,W002,392,63,42,2026-09-01
I0000995,P00995,W007,401,95,134,2026-09-01
I0000996,P00996,W010,364,129,105,2026-09-01
I0000997,P00997,W004,730,244,40,2026-09-01
I0000998,P00998,W008,581,83,43,2026-09-01
I0000999,P00999,W008,99,166,99,2026-09-01
I0001000,P01000,W008,481,109,77,2026-09-01
